{"eval/missing train": 0.5090137857900318, "eval/maximum": 3, "eval/objective": 0.8250265111346765, "eval/travel time": 643.3991228070175, "eval/passenger_num": 684, "eval//reward": -58.82502651113467, "global_step": 13861, "_timestamp": 1722413681.043081, "_runtime": 571.4529161453247, "_step": 2750, "losses/critic_loss": 0.8458281755447388, "losses/epsilon": 0.01, "losses/actor_loss": 0.0, "_wandb": {"runtime": 571}}