{"eval/missing train": 0.39025, "eval/maximum": 3, "eval/objective": 0.62675, "eval/travel time": 470.53660220994476, "eval/passenger_num": 2896, "eval//reward": -0.6411395348837209, "global_step": 1000, "_timestamp": 1722419795.782361, "_runtime": 42.905044078826904, "_step": 51, "losses/critic_loss": 4.410572528839111, "losses/epsilon": 0.9554995000000001, "losses/actor_loss": -0.0004713956732302904, "_wandb": {"runtime": 42}}