{"eval/missing train": 0.08343711083437111, "eval/maximum": 2, "eval/objective": 0.11498547114985472, "eval/travel time": 551.1432571161922, "eval/passenger_num": 2143, "eval//reward": -22.114985471149854, "global_step": 1000, "_timestamp": 1722418559.8783255, "_runtime": 21.49556040763855, "_step": 79, "losses/critic_loss": 122.55104064941406, "losses/epsilon": 0.554995, "losses/actor_loss": -0.001233401126228273, "_wandb": {"runtime": 20}}