{"eval/missing train": 0.41175, "eval/maximum": 3, "eval/objective": 0.70225, "eval/travel time": 491.7028985507246, "eval/passenger_num": 2898, "eval//reward": -0.7171950348721354, "global_step": 216, "_timestamp": 1722420199.7508476, "_runtime": 11.603798627853394, "_step": 10, "losses/critic_loss": 63.57620620727539, "losses/epsilon": 0.9950995000000001, "losses/actor_loss": -1.6700110791134648e-05}