{"eval/missing train": 0.64375, "eval/maximum": 2, "eval/objective": 0.78925, "eval/travel time": 522.4480171489818, "eval/passenger_num": 2799, "eval//reward": -0.9464472789115645, "global_step": 100, "_timestamp": 1722344240.583283, "_runtime": 20.976480960845947, "_step": 4, "losses/critic_loss": 91.86141967773438, "losses/epsilon": 1.0, "losses/actor_loss": 6.169810512801632e-05}