{"eval/missing train": 0.3095, "eval/maximum": 2, "eval/objective": 0.4025, "eval/travel time": 440.28908964558724, "eval/passenger_num": 2878, "eval//reward": -0.43035141903171953, "global_step": 1000, "_timestamp": 1722418356.6162434, "_runtime": 33.95914125442505, "_step": 50, "losses/critic_loss": 14.605483055114746, "losses/epsilon": 0.554995, "losses/actor_loss": -0.0, "_wandb": {"runtime": 33}}