{"eval/missing train": 0.39125, "eval/maximum": 2, "eval/objective": 0.55575, "eval/travel time": 486.2833966171902, "eval/passenger_num": 2897, "eval//reward": -0.5883498837595483, "global_step": 1000, "_timestamp": 1722419970.6990356, "_runtime": 42.51918864250183, "_step": 50, "losses/critic_loss": 0.27034109830856323, "losses/epsilon": 0.9554995000000001, "losses/actor_loss": -0.0, "_wandb": {"runtime": 41}}