{"eval/missing train": 0.3775, "eval/maximum": 2, "eval/objective": 0.56, "eval/travel time": 470.89175977653633, "eval/passenger_num": 2864, "eval//reward": -0.5740335570469799, "global_step": 1000, "_timestamp": 1722420079.1965122, "_runtime": 20.724841117858887, "_step": 52, "losses/critic_loss": 2.894728422164917, "losses/epsilon": 0.9554995000000001, "losses/actor_loss": -0.0005362831871025264, "_wandb": {"runtime": 20}}